order_id,customer_id,customer_name,email,product,quantity,order_amount,order_date,status,region
1001,2824,Allison Hill,donaldgarcia@example.net,Laptop,5,497.33,2025-11-22,processing,North
1002,9935,Angie Henderson,davisjesse@example.net,Laptop,10,849.62,2025-11-12,pending,North
1003,4811,Cristian Santos,lrobinson@example.com,Keyboard,10,62.81,2026-03-10,processing,West
1004,8359,Abigail Shaffer,jpeterson@example.org,Keyboard,5,1620.77,2026-03-09,pending,South
1005,7924,Gabrielle Davis,howardmaurice@example.com,Tablet,5,319.4,2025-11-07,shipped,North
1006,7224,Monica Herrera,smiller@example.net,Laptop,6,1696.51,2026-04-11,shipped,North
1007,9785,Shannon Ray,williamsjeremy@example.com,Laptop,7,166.81,2026-01-07,shipped,East
1008,4150,Dr. Sharon James,xreid@example.org,Laptop,1,1325.91,2025-12-08,shipped,North
1009,2654,Daniel Adams,lynchgeorge@example.net,Monitor,5,912.29,2026-03-06,shipped,South
1010,6820,Joel Nelson,gabriellecameron@example.org,Phone,5,1406.62,2026-01-30,pending,South
1011,5010,Andrew Stewart,carl95@example.org,Phone,8,765.12,2025-12-19,processing,East
1012,4752,Jennifer Rocha,ithomas@example.org,Laptop,6,808.32,2026-04-20,pending,South
1013,6155,Kimberly Burgess,zhurst@example.com,Phone,8,797.31,2025-12-10,delivered,South
1014,3287,Zachary Hicks,camposmichelle@example.org,Phone,9,1082.56,2026-02-26,delivered,West
1015,4593,Rebecca Henderson,cruzcaitlin@example.com,Phone,9,992.1,2026-02-01,pending,North
1016,3621,Tricia Valencia,frazierdanny@example.net,Monitor,10,136.42,2026-03-26,delivered,West
1017,5119,Patricia Peterson,ryan70@example.net,Keyboard,1,1363.76,2025-12-20,pending,East
1018,6573,Deborah Mason,williamrodriguez@example.net,Laptop,5,875.18,2025-11-21,delivered,North
1019,9201,Mark Lynch,nathanielmartin@example.net,Phone,9,1826.13,2026-02-26,shipped,South
1020,7126,Linda Burns,hickmannatasha@example.com,Phone,9,1907.46,2026-03-26,pending,East
1022,4946,Kim Martinez,karroyo@example.com,Keyboard,2,180.45,2026-04-20,delivered,North
1023,3060,Lisa Brandt,jenniferross@example.net,Phone,8,1894.23,2025-12-19,processing,East
1024,7932,Jessica Holmes,wrightcaleb@example.org,Phone,9,1512.98,2025-12-20,processing,East
1025,7118,Crystal Robinson,zimmermanbrian@example.org,Monitor,9,908.46,2026-01-22,processing,South
1026,6539,Shannon Jones,joshuawashington@example.net,Laptop,10,1112.3,2026-04-18,processing,North
1028,4899,Brent Jordan,ujenkins@example.org,Tablet,8,436.33,2025-12-24,processing,West
1029,8749,Victoria Garcia,zchandler@example.org,Monitor,4,197.71,2026-03-03,delivered,East
1030,7735,Connor West,dwhite@example.org,Monitor,1,1350.0,2026-01-16,pending,North
1031,6559,Angela Morton,williamsyvette@example.org,Laptop,4,391.26,2026-01-21,delivered,South
1033,2604,Carmen Smith,ybaker@example.com,Laptop,9,1673.69,2025-12-15,pending,South
1034,7658,Michael Cross,smoore@example.org,Monitor,8,435.36,2026-03-23,delivered,North
1035,7209,Lauren Daniels,brian97@example.net,Laptop,7,537.75,2026-03-23,delivered,East
1036,8973,Kim Brown,yorkcasey@example.org,Phone,4,600.45,2026-01-16,pending,North
1037,1936,Cynthia Wilson,bethwilliams@example.org,Laptop,10,958.81,2026-02-13,processing,North
1038,2312,Kevin Mills,james53@example.com,Phone,2,1194.12,2025-12-25,pending,West
1039,5033,Michael Evans,sarah10@example.com,Keyboard,10,89.09,2026-04-04,pending,West
1040,9565,Kristine Garcia,williamanderson@example.com,Tablet,5,416.48,2025-11-17,shipped,South
1041,7484,Sherry Wood,samueldaniels@example.com,Phone,5,919.88,2026-02-26,pending,North
1042,2638,Victoria Valdez,contrerasangela@example.net,Laptop,9,434.18,2026-01-07,shipped,South
1043,2127,Shawn Baker,newtoneric@example.com,Phone,6,577.12,2026-02-04,delivered,East
1044,9666,Michelle Harris,william40@example.org,Laptop,9,605.76,2025-11-29,pending,South
1045,2891,Sandra Williams,kellie42@example.net,Laptop,9,319.34,2026-02-26,shipped,South
1046,4335,Michael Hoffman,jonesnicole@example.org,Tablet,9,982.18,2026-02-06,pending,North
1047,7939,Sandra Aguilar,russellwilliams@example.com,Tablet,1,17.06,2025-11-23,processing,East
1048,8239,Rebecca Valencia,jason31@example.com,Keyboard,7,1126.2,2026-03-24,pending,North
1050,1685,Rita Keith,whitesandra@example.com,Tablet,6,1798.97,2026-04-02,pending,East
1051,5088,Sharon Cochran,erik16@example.org,Laptop,6,1562.43,2026-03-12,delivered,South
1052,3662,Courtney Velasquez,ybailey@example.org,Phone,7,59.32,2026-03-05,shipped,West
1053,5065,Matthew Ross,michelle45@example.net,Tablet,3,1576.88,2025-11-14,pending,West
1054,8711,Meghan Anthony,sheila14@example.org,Phone,4,1635.01,2026-04-25,delivered,East
1055,4728,Victoria Johnson,yreed@example.com,Phone,1,1323.47,2026-02-15,delivered,East
1056,2137,William Wilson,jonathanfletcher@example.org,Tablet,6,1286.55,2026-02-22,delivered,East
1057,2889,Renee Mcdaniel,michaeljones@example.net,Tablet,3,1165.37,2026-04-27,shipped,North
1058,8119,Lisa Alvarado,cortezkevin@example.com,Tablet,6,878.42,2026-04-07,pending,West
1059,4114,Erika Terry,jamesortega@example.com,Tablet,1,1420.48,2025-12-08,pending,South
1060,8066,Stephanie Gilbert,richard04@example.com,Laptop,6,1250.08,2026-01-31,pending,East
1061,6067,Richard Lawson,steven73@example.net,Monitor,6,810.78,2025-12-26,shipped,South
1062,7888,Steven Flynn,donnacampbell@example.net,Monitor,3,1234.87,2026-03-16,shipped,West
1063,1006,Frances Cardenas,emilywalker@example.org,Tablet,5,428.26,2025-12-15,shipped,West
1064,8244,Angel Riggs,gibsonolivia@example.net,Phone,9,951.64,2026-01-11,processing,North
1065,9445,Michael Snyder,dylanwatts@example.org,Keyboard,6,195.84,2026-02-21,processing,East
1066,4262,Colleen Brock,pwilliams@example.org,Phone,1,101.97,2026-03-08,delivered,North
1067,7790,Robert Contreras,stephanie79@example.net,Keyboard,4,1439.51,2026-01-08,delivered,West
1068,4997,Jessica Meadows,vmerritt@example.com,Phone,1,1786.39,2026-01-22,pending,West
1069,3881,Paul Larsen,katie87@example.net,Keyboard,8,109.93,2026-03-09,processing,North
1070,3184,Jeremiah Reeves,josephflores@example.net,Monitor,9,1975.91,2026-01-08,shipped,West
1071,9270,Chris Reyes,jasminebrown@example.com,Monitor,9,897.37,2025-11-29,processing,West
1072,5246,John Brown,xprice@example.net,Phone,5,1533.97,2026-01-09,delivered,South
1073,8206,Alicia Gilmore,wwoods@example.com,Laptop,5,476.64,2026-02-23,shipped,East
1074,2320,Sarah Ashley,vmedina@example.net,Phone,3,470.21,2025-12-17,processing,South
1075,7797,Stephanie Freeman,ryan06@example.com,Monitor,6,1089.8,2026-04-18,delivered,North
1076,7883,Rebecca Ramsey,ncalhoun@example.net,Monitor,10,1892.66,2026-03-13,pending,West
1077,1096,James Elliott,millerroy@example.com,Tablet,5,1509.42,2026-01-02,pending,South
1078,4595,David Murphy,wmurphy@example.com,Tablet,7,976.43,2025-12-31,delivered,East
1079,7624,Trevor Fisher,ruizkaitlyn@example.org,Phone,8,1839.89,2025-11-14,pending,West
1080,1444,Mrs. Marie Harrington DDS,herringjames@example.org,Laptop,7,280.04,2025-12-04,delivered,South
1081,5262,Cynthia Wells,elliottjeffery@example.net,Monitor,6,431.2,2026-04-22,shipped,East
1082,5558,Jacob Obrien,stricklandfrank@example.com,Monitor,5,1671.47,2026-01-27,delivered,North
1083,1853,Alexander Collins,tsanders@example.org,Tablet,4,1303.79,2025-12-17,pending,North
1084,4266,Michael Burton,terrykevin@example.net,Laptop,10,313.24,2026-03-02,processing,West
1085,2874,Barbara Riggs,reedross@example.com,Keyboard,4,935.42,2025-11-14,shipped,East
1086,2876,Matthew Smith,gshort@example.com,Phone,5,225.12,2026-03-23,pending,East
1087,7149,Madison Poole,ryangross@example.net,Monitor,4,161.23,2025-12-08,processing,North
1088,5941,Robert Medina,umarshall@example.net,Keyboard,2,1594.49,2025-11-07,pending,East
1089,8018,Samuel Rivas,ramirezshannon@example.com,Tablet,2,1016.86,2025-12-19,shipped,North
1090,9031,Mary Rogers,lrosales@example.com,Laptop,7,1921.97,2026-01-17,,South
1091,3885,Robert Peterson,angela83@example.org,Keyboard,5,1235.67,2026-01-13,delivered,West
1092,5397,Jason Peters,hannahbrewer@example.com,Tablet,4,1663.15,2026-01-13,pending,East
1093,4995,Alan Phillips,tholt@example.net,Monitor,10,1224.56,2026-01-09,delivered,East
1094,9098,Kara Schmidt,jbarajas@example.com,Tablet,3,980.22,2026-04-27,shipped,East
1095,5581,Jesse Parker,davidlee@example.org,Keyboard,5,1116.02,2026-02-06,processing,North
1096,7658,Tiffany Vaughn,javierwashington@example.net,Monitor,9,1518.75,2026-03-04,delivered,West
1097,1282,Paige Carlson,wallkenneth@example.com,Laptop,5,450.98,2026-01-10,processing,East
1098,7046,Adrian Ferguson,brandon08@example.com,Monitor,9,1066.53,2025-11-16,delivered,East
1099,8434,Beth Oneill,agarcia@example.net,Tablet,5,510.29,2026-02-03,pending,South
1100,2958,John Peterson,kingmichelle@example.org,Keyboard,3,391.17,2026-02-13,delivered,East
1101,9595,Jennifer Jones,hernandezlisa@example.com,Keyboard,5,1961.22,2025-12-05,processing,East
1102,6912,David Grant,yobrien@example.net,Phone,5,38.16,2026-03-07,processing,East
1104,1200,Marc Lynch,mezajared@example.org,Keyboard,5,944.1,2026-04-08,delivered,East
1105,1841,Brad Allen,moorericky@example.net,Tablet,8,237.03,2026-03-18,pending,West
1106,2213,Doris Hall,jacqueline71@example.net,Keyboard,1,311.94,2025-12-30,shipped,North
1107,2940,Dennis Moody,ronaldstephens@example.net,Keyboard,7,1216.57,2026-03-02,processing,West
1108,8253,Derek Thomas,martinkyle@example.net,Tablet,10,1980.16,2026-01-09,shipped,North
1109,2625,Tammy Gonzales,sbarker@example.com,Phone,4,536.65,2025-11-29,pending,South
1110,3847,Kathryn Snyder,georgepamela@example.net,Keyboard,2,321.5,2026-03-04,delivered,West
1111,8699,David Davis,keyemily@example.com,Tablet,1,470.64,2025-11-09,shipped,West
1112,4824,Pamela Thompson,lmoon@example.net,Tablet,10,1325.75,2026-04-16,processing,West
1113,9922,Robert Costa,vbailey@example.com,Phone,3,1817.74,2026-04-05,processing,North
1114,3718,Shannon Rivera,zroberts@example.net,Tablet,10,1500.43,2026-04-19,shipped,West
1116,1653,April Booth,mgutierrez@example.net,Monitor,6,1211.39,2026-04-14,pending,North
1117,1339,Peter Garrett,harrisandrea@example.com,Tablet,10,90.06,2026-03-07,processing,West
1118,8245,Michael Martinez,jennifercollins@example.org,Tablet,3,1993.92,2025-12-23,delivered,West
1119,8700,Anna Gay,murraydavid@example.org,Tablet,7,673.28,2026-04-11,pending,South
1120,7744,Dr. Jordan Hill PhD,jsanchez@example.org,Monitor,5,1328.54,2026-02-09,delivered,North
1121,2442,Thomas Romero,michellehill@example.com,Tablet,5,653.31,2026-01-08,delivered,North
1122,9889,Richard Adams,campbellkenneth@example.net,Monitor,7,117.87,2025-11-17,shipped,West
1123,8242,Mary Grimes,wryan@example.com,Laptop,4,541.44,2025-11-25,processing,East
1124,8941,Kimberly Gibson,molly39@example.com,Laptop,1,1946.56,2026-01-12,processing,South
1125,1224,Reginald Williams,zthornton@example.com,Keyboard,7,195.49,2026-02-14,pending,West
1127,8736,Evelyn Garcia,dgarcia@example.org,Phone,8,1107.02,2026-01-01,delivered,South
1128,9327,Jennifer Pena,charlesharrington@example.com,Phone,2,559.73,2025-12-02,delivered,East
1129,5377,Michael Santos,melissa86@example.com,Laptop,5,1454.84,2025-12-26,delivered,South
1130,9824,Stacy Freeman,williamsonjimmy@example.net,Monitor,6,671.56,2026-01-10,delivered,West
1131,4090,Yolanda Francis,wgood@example.net,Phone,10,772.11,2026-02-11,delivered,North
1132,8749,Ashlee Jackson,rebecca05@example.org,Monitor,7,1976.94,2026-02-12,processing,West
1133,3068,James Thomas,yknight@example.org,Keyboard,10,670.67,2026-04-25,pending,West
1134,9617,Bob Pitts,tyleraguilar@example.org,Monitor,1,1447.66,2026-04-09,delivered,South
1135,8692,David Scott,nolansteven@example.com,Tablet,6,1250.29,2026-04-15,delivered,North
1136,9742,Brooke Alexander,vanessa46@example.net,Monitor,6,1257.33,2026-02-09,delivered,North
1137,2121,Ryan Gonzalez,gcastaneda@example.org,Phone,5,1994.88,2025-11-27,pending,West
1138,2646,Ian Phillips,andrew64@example.org,Monitor,3,1391.06,2026-04-09,pending,North
1139,1919,Melissa Garner,lozanojulie@example.com,Tablet,6,755.93,2026-02-10,processing,South
1140,7751,Crystal Pham,danaoliver@example.net,Keyboard,3,348.27,2025-12-20,pending,West
1141,4945,Patricia Becker,courtneyberger@example.net,Monitor,10,294.8,2025-11-27,delivered,East
1142,5183,Richard Johnson,jessica14@example.com,Laptop,8,1803.41,2026-01-07,processing,North
1143,6661,Casey Anderson,alyssa42@example.com,Keyboard,5,1281.49,2026-01-11,delivered,East
1145,6881,Brenda Levy,zcoffey@example.net,Keyboard,5,1985.46,2026-01-27,shipped,North
1146,7484,Richard Smith,gibsonemily@example.net,Tablet,1,1136.2,2025-11-17,pending,West
1147,4770,James Little,daniel37@example.org,Keyboard,6,445.82,2026-02-20,processing,East
1148,3240,Terri Murphy,deborahreid@example.com,Laptop,1,624.78,2025-11-12,delivered,North
1150,4289,David Medina,qchavez@example.net,Phone,9,1754.16,2026-03-21,shipped,East
1151,5210,Kimberly Matthews,nicolepena@example.com,Monitor,5,1495.65,2026-03-23,shipped,North
1152,2233,Teresa Ramirez,jeff73@example.com,Phone,4,1721.68,2026-01-05,delivered,East
1153,7464,Michael Stephens,bruce43@example.org,Laptop,5,1077.78,2026-04-11,delivered,East
1154,5295,Samantha Davis,darleneharper@example.org,Keyboard,7,1646.61,2025-11-13,shipped,North
1155,4830,Gavin Zhang,caseyhubbard@example.org,Monitor,1,1242.9,2025-11-13,shipped,South
1156,2035,Robin Hall,kristinacarlson@example.com,Monitor,5,1301.99,2025-11-20,pending,South
1157,1609,Brianna Anderson,lauren10@example.org,Tablet,8,241.08,2026-04-23,processing,South
1158,8432,Richard Young,alfred40@example.org,Tablet,9,844.06,2026-01-25,processing,West
1159,2622,Kelly Reese,xwest@example.net,Monitor,10,822.15,2025-11-18,shipped,North
1160,7070,Jodi Walker,acostaregina@example.net,Phone,8,894.94,2025-11-09,processing,East
1161,7018,Judith Maynard,lutzmelanie@example.com,Keyboard,6,130.49,2026-04-09,shipped,South
1162,8450,Katherine Browning,lammarc@example.org,Laptop,4,1286.99,2026-04-03,pending,North
1163,4990,Donald Schultz,oscar98@example.com,Phone,10,418.36,2026-02-08,processing,South
1164,6383,Larry Garcia,farrelldebra@example.net,Phone,10,15.64,2026-03-06,processing,South
1165,5106,Cindy Hayes,robertwilcox@example.com,Phone,2,1325.5,2025-12-17,pending,South
1166,6869,Brandon Simmons,nicholas27@example.org,Phone,10,654.31,2026-05-01,processing,East
1167,3076,Bradley Reynolds,lisa80@example.net,Monitor,9,236.16,2026-04-21,pending,West
1168,6931,Kristina Santiago,qgomez@example.com,Keyboard,10,227.02,2026-01-10,processing,North
1169,9543,Michelle Schmitt,michael98@example.org,Tablet,8,1290.25,2025-11-17,pending,North
1170,7580,John Boone,megan51@example.com,Monitor,2,985.64,2026-01-02,delivered,North
1171,6277,Renee Bruce,lynchdiane@example.net,Keyboard,3,140.71,2026-04-14,shipped,East
1172,9692,Christopher Park,sandra50@example.org,Tablet,8,1016.05,2026-01-27,delivered,North
1173,2874,Kylie Morales,joycebonilla@example.org,Keyboard,4,865.84,2025-11-06,processing,West
1174,8430,Cindy Barnes,eric45@example.net,Monitor,7,1461.93,2026-02-07,shipped,West
1175,5176,Sophia Moore,craigjoseph@example.net,Tablet,3,1376.77,2026-02-13,delivered,North
1176,2398,Lawrence Perry,kariwilson@example.com,Laptop,7,202.16,2026-04-11,pending,South
1177,1982,Michael Watkins,brandon69@example.org,Keyboard,9,1127.75,2025-12-13,pending,West
1179,9313,Paul Thompson,opatel@example.net,Phone,3,1316.91,2025-12-08,processing,North
1180,7022,Mary Gomez,chensley@example.com,Laptop,5,1152.46,2026-02-04,delivered,North
1181,5381,Thomas Atkins,tberry@example.net,Laptop,3,553.81,2025-11-30,shipped,East
1182,1100,Brian Smith,george97@example.net,Phone,3,1136.98,2026-02-04,delivered,North
1183,1502,Anita Richard,ryanmorales@example.org,Laptop,9,438.11,2026-03-29,delivered,West
1184,3578,Eric Morgan,kimberly18@example.net,Tablet,5,1445.98,2026-02-06,pending,North
1185,3579,Jordan Bullock,michael23@example.org,Keyboard,1,1351.2,2026-03-26,shipped,West
1186,7947,Craig Morrison,thompsonkendra@example.com,Monitor,10,889.67,2025-11-16,shipped,South
1187,2864,Justin Riley,michelle52@example.com,Tablet,7,230.67,2025-12-24,delivered,East
1188,4612,Jeremy Turner,brittany58@example.org,Monitor,10,119.02,2026-04-23,processing,East
1189,3248,Jesse Brown,chase19@example.net,Tablet,5,662.96,2026-03-11,pending,West
1190,3878,Julie Spencer,colelisa@example.net,Phone,7,1069.84,2026-01-14,processing,East
1191,7505,Larry Mason,hayeslisa@example.com,Laptop,7,47.3,2026-04-16,pending,East
1192,8033,Mrs. Maria Williams,hritter@example.net,Keyboard,7,1421.9,2025-12-08,delivered,East
1193,7636,Helen Hardin,vortiz@example.net,Laptop,6,352.03,2026-04-05,delivered,East
1194,8155,Rachel Holland,riveraangela@example.com,Laptop,4,877.0,2026-04-12,delivered,North
1195,6083,Nathaniel Douglas,mathewaguilar@example.org,Tablet,4,672.81,2026-01-23,processing,North
1196,2868,Emily Douglas,tanderson@example.org,Keyboard,9,395.87,2025-12-25,shipped,East
1197,3419,James Conner,elizabethcalderon@example.net,Phone,2,301.42,2025-11-20,processing,South
1198,3504,Susan Davis DDS,andrew42@example.org,Laptop,3,1903.07,2025-12-01,delivered,West
1199,8354,Ralph Lee,ericphillips@example.org,Keyboard,10,653.18,2025-12-11,shipped,South
1200,2118,Kimberly Rodgers,stanleynancy@example.net,Monitor,8,1266.46,2026-01-12,shipped,North
1201,9312,James Martin,jenniferwilliams@example.com,Laptop,5,928.87,2026-02-03,pending,North
1202,5703,Cynthia Wallace,karen73@example.net,Laptop,2,1233.87,2026-01-30,delivered,West
1203,1672,Vincent Mueller,michealvalentine@example.com,Monitor,10,1307.16,2025-12-07,shipped,West
1204,3471,Douglas Reyes,mburch@example.net,Laptop,8,215.97,2025-12-27,shipped,North
1205,3827,David Davidson,angela18@example.org,Laptop,4,1418.17,2025-12-26,delivered,South
1207,6482,Stacey Arias,gbrown@example.com,Laptop,6,198.07,2025-11-24,delivered,East
1208,3463,Zachary Brooks,florescory@example.net,Tablet,2,1169.65,2026-03-01,processing,East
1209,7421,Raven Taylor,samantha72@example.net,Phone,10,1420.58,2026-02-14,pending,East
1210,7171,Luis Bullock,scottmary@example.net,Tablet,3,1343.53,2025-12-12,pending,West
1211,6928,Lisa Henderson,john10@example.org,Laptop,6,624.64,2025-12-25,processing,East
1212,4145,Riley Bryant,copelandvincent@example.net,Phone,3,318.34,2025-12-31,shipped,North
1213,9843,Jose Allen,kellysmith@example.com,Keyboard,1,1327.24,2025-12-26,processing,West
1215,7731,Rachel Romero,myerstheodore@example.net,Tablet,4,1939.48,2026-04-23,shipped,West
1216,9749,James Burgess,kristina53@example.net,Phone,5,1931.54,2026-03-06,delivered,South
1218,3267,Carrie Maxwell,epollard@example.net,Tablet,1,1285.95,2026-03-14,shipped,North
1219,3042,Chad Baldwin,mjohnson@example.org,Tablet,2,1528.6,2025-12-23,shipped,West
1220,3414,Stacey Stewart,zachary87@example.com,Monitor,2,1893.36,2025-12-24,processing,West
1221,1436,Matthew Mitchell,glennmartin@example.org,Monitor,1,798.94,2026-02-04,shipped,South
1222,2337,Jessica Ross,ykline@example.com,Tablet,4,66.09,2026-01-26,pending,East
1223,3254,Kathleen Jimenez,laurie61@example.com,Laptop,5,1835.62,2026-03-28,delivered,South
1224,8349,Samantha Gardner,curtis54@example.com,Keyboard,1,1812.66,2026-01-04,pending,East
1225,3449,Mitchell Jackson,cbell@example.net,Keyboard,10,1060.27,2026-03-10,pending,East
1226,5934,Heather Bolton,danielle01@example.net,Laptop,1,484.49,2026-03-05,delivered,North
1228,8032,Jessica Martinez,kimberlydiaz@example.com,Laptop,10,712.1,2026-02-19,delivered,South
1229,2402,Amanda Hernandez,xrush@example.com,Keyboard,6,144.68,2025-11-15,pending,West
1230,1713,Laura Moreno,redwards@example.org,Monitor,6,514.76,2026-01-04,pending,East
1231,6649,Allison Lopez,hmcintyre@example.com,Phone,2,1545.29,2026-04-17,shipped,South
1233,8840,Benjamin Thompson,zosborn@example.net,Phone,3,135.57,2025-11-07,pending,North
1234,4302,Victoria Contreras,piercekelly@example.com,Laptop,4,1772.72,2026-02-18,shipped,East
1235,7524,Michelle Ho,laurahicks@example.org,Keyboard,8,514.09,2025-12-24,processing,East
1236,1783,Dr. Cynthia Snyder,angela57@example.net,Tablet,5,257.71,2026-02-02,shipped,West
1237,8204,Stephen Jones,ukey@example.com,Monitor,6,1947.71,2026-01-22,delivered,West
1238,9507,Patricia Morrow,martinezlogan@example.org,Tablet,2,1456.89,2026-01-30,pending,West
1239,3956,Michael Cooper,katrinaanderson@example.net,Keyboard,5,649.21,2025-12-01,pending,East
1240,5843,Amy Martinez,kevinmartin@example.net,Tablet,8,1209.22,2025-11-16,delivered,South
1241,8272,Travis Stone,meghan43@example.net,Tablet,8,94.29,2025-11-09,shipped,West
1242,1939,Denise Weber,shawgary@example.net,Laptop,7,732.99,2026-02-23,processing,North
1243,8179,Matthew Le,megan90@example.org,Laptop,3,143.79,2026-03-29,shipped,East
1244,1530,Travis Wise,debra96@example.net,Keyboard,3,1361.33,2026-01-26,shipped,East
1245,2259,Kathleen Burton,dawn47@example.org,Keyboard,3,1063.63,2026-01-11,delivered,East
1247,7340,Mr. Lawrence Edwards,jessica56@example.org,Keyboard,2,530.94,2025-12-23,shipped,West
1248,5678,Kayla Rodriguez,stevenadams@example.org,Monitor,4,254.05,2026-03-11,pending,West
1249,8292,Anthony Dougherty,kwright@example.com,Laptop,6,1339.0,2026-03-21,pending,East
1250,3580,Michelle Lee,tyronerobertson@example.com,Phone,6,1022.42,2026-02-17,pending,South
1251,4878,Kathleen Davis,pwagner@example.org,Monitor,1,728.18,2026-03-30,shipped,West
1252,3126,Amber Campbell,amitchell@example.org,Keyboard,2,140.84,2025-12-14,delivered,West
1253,7730,Stephen Luna,zdiaz@example.org,Monitor,10,156.76,2025-12-21,shipped,North
1254,8632,Chloe Tran,hughesshannon@example.net,Keyboard,6,265.39,2026-01-09,processing,South
1255,9238,William Becker,andersoncolin@example.com,Laptop,2,1041.02,2026-01-14,shipped,South
1256,6286,Gina Mcmillan,jameshicks@example.net,Phone,6,1895.49,2026-03-24,shipped,North
1258,3762,Brenda Velazquez,francisco94@example.net,Keyboard,10,316.85,2025-12-27,shipped,North
1259,2330,Ronald Patel,thomas05@example.com,Laptop,10,536.67,2026-04-27,processing,West
1260,1496,Veronica Silva,carlsonjoseph@example.net,Monitor,9,586.45,2025-11-27,shipped,West
1261,7653,Paula Lane,silvageorge@example.net,Tablet,8,155.22,2026-03-03,pending,South
1262,7809,Patricia James,anthonyvaughan@example.org,Monitor,8,416.01,2026-01-12,processing,East
1263,6658,Jeremy Barnes,avaughn@example.net,Monitor,3,1523.72,2026-02-12,pending,East
1264,8642,Tami Salas,thorntonapril@example.net,Laptop,5,904.7,2026-03-04,processing,North
1265,5754,Matthew Fox,sue78@example.com,Monitor,10,842.09,2026-04-22,processing,East
1266,6123,Megan Dillon,chelsea33@example.com,Phone,3,1001.55,2025-12-08,delivered,West
1267,9148,Courtney Dudley,kellie37@example.com,Laptop,2,1891.01,2026-02-15,delivered,South
1268,6781,Justin Michael,keith98@example.com,Laptop,1,569.9,2026-03-10,delivered,East
1269,1133,Jennifer Reed,kellyroberts@example.net,Laptop,7,276.53,2025-12-18,shipped,East
1271,5728,Melissa Taylor,johnsantiago@example.net,Laptop,7,1013.47,2025-12-14,shipped,North
1272,2584,David Garcia,jennifer12@example.org,Monitor,6,1591.85,2026-04-02,shipped,East
1273,4261,Vanessa Moore,mwoods@example.com,Keyboard,9,808.76,2026-03-29,pending,North
1274,3245,Matthew Velez,pearsonjesse@example.net,Tablet,8,1043.47,2026-04-25,processing,South
1275,6218,Taylor Gentry,robertmonroe@example.org,Phone,7,1981.33,2026-02-10,shipped,East
1276,9351,Jennifer Simpson DVM,nancy04@example.net,Keyboard,8,1420.39,2025-12-26,shipped,West
1277,7035,Tanya Rogers,ihays@example.net,Tablet,2,1960.0,2026-04-30,shipped,North
1278,8775,Todd Rosales MD,lisarivera@example.net,Tablet,10,1159.49,2025-12-03,pending,West
1279,9589,David Lopez,krystal93@example.org,Keyboard,7,304.07,2026-03-22,processing,North
1280,2800,Margaret Sullivan,frobertson@example.com,Phone,1,887.67,2025-12-09,delivered,South
1281,4340,Cathy Taylor,shari04@example.com,Monitor,9,1552.19,2026-01-19,delivered,North
1282,9498,Paul Finley,brandi90@example.com,Phone,9,656.85,2026-03-30,delivered,West
1283,3837,Melissa Brown,marshallerik@example.net,Monitor,9,691.23,2026-02-13,shipped,East
1284,8932,Stephanie Padilla,hannah45@example.net,Phone,4,565.22,2025-11-29,shipped,South
1285,5735,Tyler Mendoza,madkins@example.com,Phone,8,640.91,2026-02-17,shipped,East
1288,5201,Stephanie Harris,franklinbond@example.com,Monitor,4,412.12,2026-01-11,shipped,East
1289,2789,Daniel Aguilar,nolansean@example.org,Keyboard,10,486.17,2026-03-30,pending,South
1290,4814,Jose Bryant,hansenemily@example.com,Laptop,2,832.47,2025-11-22,delivered,North
1291,3252,Jennifer Velasquez,bethwilliams@example.com,Laptop,9,1956.04,2025-11-11,processing,West
1292,8793,Kimberly Brown,andersenthomas@example.com,Monitor,4,1514.26,2025-11-18,shipped,East
1293,1969,Randy Cannon,ybrooks@example.com,Laptop,10,472.12,2026-02-20,pending,South
1294,3880,Susan Bennett,desireebailey@example.org,Laptop,7,1578.04,2026-01-18,processing,East
1295,1151,Jenna Anderson DVM,avilatiffany@example.com,Tablet,10,1209.54,2026-04-25,shipped,East
1296,9901,Kimberly Patel,johnreed@example.com,Keyboard,8,1779.63,2026-01-08,pending,West
1297,4159,Shaun Cannon,pachecorobert@example.org,Laptop,6,333.36,2026-02-24,delivered,East
1298,1230,Austin Wheeler,tharper@example.org,Tablet,5,1139.88,2026-03-18,processing,South
1299,7643,Andrew Gonzales,karenparsons@example.org,Monitor,9,662.57,2025-11-29,delivered,North
1300,3303,Donna Cabrera,barbara53@example.com,Monitor,6,1872.29,2026-03-18,pending,East
1301,4858,Victoria Boyd,dturner@example.net,Monitor,5,1908.53,2026-01-26,shipped,North
1302,6890,Sheryl Buck,dpeters@example.com,Phone,1,1338.89,2026-02-27,delivered,East
1303,7642,Megan Floyd,heather62@example.com,Keyboard,5,1383.68,2026-03-25,shipped,East
1304,4618,Paul Wells,kevinzimmerman@example.com,Phone,3,961.58,2025-11-28,delivered,East
1305,9998,Kristina Faulkner,paulscott@example.com,Monitor,9,1605.97,2026-01-18,processing,South
1306,2341,Tammy Boone,nicholsmaria@example.org,Keyboard,8,1061.06,2025-11-11,shipped,North
1307,2838,Michael Morrison,lopezkathleen@example.net,Laptop,9,1806.75,2025-12-11,processing,South
1308,6375,Claire Clark,kevin03@example.org,Keyboard,8,241.32,2026-03-23,processing,West
1309,9361,Autumn Key,srocha@example.net,Monitor,1,912.33,2026-04-11,delivered,West
1310,1945,Jennifer Allen,kimberly67@example.net,Keyboard,8,1348.81,2025-12-11,shipped,North
1311,5169,Elizabeth Ward,zowens@example.net,Laptop,4,1160.84,2026-01-23,pending,West
1312,2044,Ryan Rocha,lawrence09@example.org,Keyboard,1,1869.82,2026-02-05,pending,West
1313,5703,Alexis Tran,mphillips@example.com,Monitor,3,1540.25,2026-04-26,delivered,East
1314,8348,Kelly Sanchez,jonathan77@example.com,Monitor,7,169.7,2026-01-27,processing,East
1315,3924,Robert Jackson,iwhite@example.net,Keyboard,7,1062.4,2026-04-04,processing,North
1316,5888,Kelly Combs,landryelizabeth@example.org,Monitor,9,854.01,2026-04-29,delivered,South
1317,8546,Ryan Hall,albertwagner@example.com,Tablet,3,558.54,2026-03-02,pending,North
1318,7868,Mark Peck,bhopkins@example.org,Keyboard,1,488.93,2025-11-16,pending,North
1319,1550,Jennifer Smith,amanda40@example.net,Monitor,10,1347.33,2025-12-03,pending,South
1320,7590,Megan Drake,danieldavis@example.org,Monitor,4,1084.12,2026-04-23,pending,South
1321,5739,Manuel King,joseph61@example.com,Phone,10,644.62,2025-12-27,shipped,South
1322,3347,Judy Sanchez,kevinclayton@example.org,Keyboard,4,832.98,2026-02-16,shipped,North
1323,3869,Shannon Malone,sullivannicholas@example.com,Monitor,9,996.29,2025-12-13,shipped,West
1324,6222,Adam Jackson,pbruce@example.com,Monitor,7,306.94,2025-12-21,delivered,South
1325,8758,Shannon Davis,hallrachel@example.net,Phone,4,608.47,2025-12-18,processing,West
1326,7761,Karen Williams,cohenjuan@example.net,Monitor,9,1064.68,2026-04-20,delivered,South
1327,4331,Amanda Mcfarland,alexis39@example.org,Tablet,2,1845.23,2026-02-28,shipped,North
1328,4120,Michelle Sanders,evansanne@example.net,Laptop,5,760.56,2025-12-18,pending,North
1329,4555,Jasmine Mosley,patrick21@example.net,Monitor,4,1740.25,2026-03-17,shipped,East
1330,4470,Haley Davis,marypeterson@example.net,Phone,2,1496.29,2026-05-01,delivered,South
1331,4350,Jennifer Ayala,walterskristen@example.com,Monitor,4,1108.64,2025-11-07,shipped,West
1332,9743,Henry Pugh MD,nmiller@example.com,Tablet,5,530.51,2026-01-05,delivered,West
1333,8692,Michelle Miller,normanbowers@example.org,Tablet,4,747.7,2026-04-09,delivered,North
1334,4625,Emily Rodriguez,hahnsean@example.com,Phone,1,528.94,2025-12-11,delivered,East
1335,4214,Brandon Jordan,fgarcia@example.com,Tablet,4,765.88,2026-03-26,processing,West
1336,6530,Linda Mueller,asmith@example.com,Tablet,8,1933.35,2025-12-15,delivered,West
1338,1962,Derrick Adams,bryanhamilton@example.com,Keyboard,1,1679.75,2025-12-17,pending,North
1339,7756,Richard Ward,jennifersimpson@example.net,Phone,4,145.26,2026-05-03,processing,North
1340,9285,Brian Torres,ncook@example.com,Monitor,6,130.3,2026-03-10,delivered,West
1341,1108,Erin Cook,kevinmorrison@example.net,Keyboard,9,828.56,2026-04-30,pending,East
1342,5697,Ernest Oconnell,kelly79@example.org,Laptop,9,1628.18,2025-12-18,delivered,South
1343,2578,Douglas Hartman,daniel93@example.net,Keyboard,3,489.53,2026-04-07,shipped,East
1344,7502,Catherine Saunders MD,nhahn@example.com,Laptop,6,1919.0,2026-02-25,delivered,South
1345,4700,Sandra Jones,ichambers@example.net,Tablet,2,1310.93,2025-11-07,pending,North
1346,7213,David Moore,emccormick@example.com,Monitor,9,957.25,2026-01-21,pending,South
1347,9189,Karen Morales DDS,ystephens@example.com,Monitor,6,1136.05,2026-04-13,pending,North
1348,4463,Robin Wheeler,rodriguezjohn@example.net,Keyboard,8,549.48,2026-03-07,pending,East
1349,1539,Matthew Williams,vrasmussen@example.com,Phone,6,41.16,2025-12-16,processing,South
1350,2260,Brett Walker,seanmyers@example.net,Tablet,3,1132.28,2026-01-23,delivered,East
1351,3292,Kathryn Cooper,webbkenneth@example.org,Laptop,9,1493.46,2026-01-26,shipped,North
1352,8161,Todd Thomas,matthew38@example.com,Phone,2,687.78,2026-04-09,delivered,East
1353,5478,Brent Bowen,tflores@example.org,Monitor,8,464.0,2026-04-27,delivered,West
1354,7227,Ashley Sweeney,byrdfrank@example.net,Laptop,10,597.81,2026-03-18,processing,North
1355,5390,Christopher Moore,omullen@example.com,Phone,7,1426.24,2026-04-13,processing,West
1356,6909,Charlotte Sandoval,njohnson@example.org,Laptop,2,20.34,2026-02-12,shipped,West
1357,5419,Jeffrey Smith,jamiegoodwin@example.org,Laptop,3,183.72,2026-02-01,delivered,West
1358,9395,Rebecca Herrera,mark71@example.com,Monitor,2,62.26,2025-12-13,shipped,North
1360,4977,Harold Ellis,lisamccarthy@example.com,Keyboard,9,347.47,2025-12-12,delivered,South
1361,5405,Leslie Powers,david41@example.org,Tablet,5,991.32,2026-03-30,pending,South
1362,5521,Charles Price,baileyhenderson@example.com,Monitor,5,973.62,2026-01-13,pending,East
1363,5040,Melissa Brewer,angelaburns@example.org,Monitor,10,1237.17,2026-03-01,delivered,North
1364,5991,Ryan Harvey,stephanie72@example.org,Laptop,7,671.11,2026-03-31,delivered,East
1365,6484,Tracey Wagner,fortiz@example.com,Monitor,10,280.89,2026-01-12,shipped,South
1366,6147,Jill Jackson,flynnjeffrey@example.org,Phone,7,1937.76,2026-01-02,shipped,West
1367,4971,Joshua Jackson,xcunningham@example.com,Tablet,7,567.8,2025-12-08,delivered,East
1368,4273,Ashley Wilson,amber07@example.net,Keyboard,9,368.06,2026-04-05,pending,West
1369,8183,Jeffery Fitzgerald,kennethkidd@example.com,Tablet,2,1639.74,2026-03-12,delivered,West
1370,5961,Scott Miller,rowejoel@example.net,Phone,5,1320.74,2026-03-30,delivered,West
1371,8357,Heather Page,imartin@example.org,Keyboard,8,1168.67,2026-04-16,delivered,North
1372,9796,Renee Hudson,candice25@example.net,Keyboard,2,227.65,2026-02-01,processing,East
1373,1725,Kenneth Farley,taylorkaren@example.com,Keyboard,7,1933.95,2026-03-23,shipped,West
1375,7408,Sandra Juarez,kburns@example.net,Monitor,10,1383.97,2026-01-29,processing,East
1377,6707,Jackie Clements,brandi17@example.net,Tablet,6,916.11,2026-03-29,processing,West
1378,8801,Heather Brown,brobinson@example.org,Laptop,8,1446.77,2026-02-04,delivered,East
1379,5919,Frank Campbell MD,ashleewashington@example.com,Laptop,2,54.94,2026-04-17,shipped,North
1380,3692,Pamela Williams,ksmith@example.com,Phone,9,357.16,2025-11-12,processing,East
1381,7985,William Patterson,nicoleturner@example.com,Monitor,4,1597.53,2025-12-12,processing,South
1382,8080,Isaac Miller,brettgarrett@example.net,Monitor,1,1477.4,2025-11-22,processing,West
1383,8037,Cynthia Rios,smiththomas@example.org,Monitor,1,1412.42,2025-12-04,processing,East
1384,2667,Kelly Wallace,dominguezlisa@example.com,Keyboard,3,737.93,2026-04-18,processing,West
1385,5298,Karen Perez,crosscurtis@example.com,Monitor,9,1932.17,2026-04-05,shipped,West
1386,7431,Edwin Reyes,darlenebyrd@example.org,Keyboard,2,702.37,2025-11-29,delivered,South
1387,5873,Alejandra Santos,nbell@example.net,Keyboard,10,178.66,2025-11-13,processing,East
1388,4908,Tamara Jensen,fheath@example.org,Tablet,2,374.26,2026-04-04,processing,West
1389,3258,Bryce Blair,sylvia52@example.org,Keyboard,7,851.85,2026-01-17,delivered,South
1390,3733,Bradley Tran,kimberly04@example.org,Monitor,5,289.19,2025-12-13,shipped,West
1391,1878,Katrina Adkins,debbie37@example.com,Tablet,1,974.37,2025-11-27,processing,West
1392,9281,Jonathan Wheeler,hatfieldsarah@example.org,Monitor,7,1372.55,2025-12-12,delivered,West
1393,3740,Ryan Fisher,kathrynbest@example.org,Laptop,10,71.41,2025-12-30,processing,East
1394,5503,Austin Baker,livingstonstacy@example.com,Phone,9,584.45,2026-04-26,delivered,West
1395,9369,Lori Mason,zhenderson@example.org,Laptop,10,237.27,2025-12-15,shipped,North
1396,9951,Kimberly Hernandez,collinswilliam@example.org,Phone,7,213.81,2026-01-12,processing,East
1397,8368,Brittney Murphy,collinssamuel@example.org,Tablet,6,1725.78,2026-04-26,pending,West
1398,4882,Brandon Hamilton,dsalazar@example.com,Phone,10,1381.38,2026-04-04,delivered,South
1399,3281,Mary Thompson,zimmermanjacqueline@example.org,Phone,4,1612.83,2025-11-28,shipped,East
1400,9827,Gregory Holmes PhD,gary24@example.net,Phone,6,1958.21,2025-12-03,shipped,East
1401,5380,Patricia Johnson,enelson@example.com,Keyboard,2,279.82,2025-12-09,delivered,North
1402,3078,Laura Jones,ddixon@example.com,Phone,4,301.02,2026-02-23,shipped,South
1403,7434,Carol Moore,shannonemily@example.org,Monitor,3,1159.08,2025-11-12,shipped,West
1405,8996,Cassidy Horne,tranrobin@example.net,Tablet,10,14.92,2026-01-08,pending,West
1406,6869,Courtney Wright,joseph19@example.com,Laptop,9,801.45,2025-11-23,delivered,South
1408,1793,John Campbell,mark87@example.org,Laptop,2,1256.1,2026-02-06,delivered,North
1409,3588,Eddie Mueller,stevenvargas@example.com,Monitor,8,11.35,2026-04-03,delivered,South
1410,3161,Dr. Morgan Payne PhD,adamortiz@example.org,Tablet,3,1750.1,2025-11-09,shipped,North
1411,6905,Makayla Steele,tapiaaaron@example.net,Tablet,2,749.97,2025-11-18,processing,North
1412,6005,Oscar Parker,alyssaallen@example.com,Phone,7,1314.42,2026-01-23,pending,North
1414,6629,Jacqueline Villegas,carpenterwilliam@example.net,Laptop,7,1391.12,2026-05-02,delivered,North
1415,7276,Angela Bradley,ibates@example.org,Laptop,2,215.37,2026-03-07,shipped,East
1416,7270,Samuel Howe,vhaynes@example.com,Phone,3,146.14,2026-03-30,pending,South
1417,6753,Dillon Jones,derekcarrillo@example.org,Phone,3,1840.59,2026-01-12,delivered,South
1418,2646,Christopher Owens,wmartinez@example.org,Phone,2,1183.25,2026-04-12,delivered,East
1419,6152,John Phelps,mooregina@example.net,Phone,4,561.17,2026-01-15,pending,South
1420,5668,Amanda Huff,eddie35@example.com,Laptop,5,418.84,2025-12-14,processing,West
1421,1894,Megan Green,anthonysullivan@example.com,Phone,8,777.91,2026-02-18,processing,West
1423,7895,Richard Walker,madisonwatson@example.net,Tablet,9,1369.05,2026-01-25,delivered,North
1424,2106,Angela Willis,johnsoncaleb@example.net,Laptop,5,439.33,2026-04-30,pending,West
1425,5693,Carl Stein,david70@example.org,Keyboard,7,852.91,2025-12-26,delivered,North
1426,9791,Jessica Ramsey,rjohnson@example.com,Keyboard,10,313.83,2025-11-22,pending,East
1427,9377,Daniel Lopez,sean20@example.net,Phone,3,1077.42,2026-04-14,delivered,North
1428,8167,Danielle Phillips,eandrade@example.org,Phone,1,496.51,2026-02-14,delivered,North
1429,1901,James Barnes,crystalpham@example.org,Tablet,3,247.69,2026-01-08,processing,North
1430,9133,Rachael Howard DDS,kcooper@example.net,Tablet,9,1039.27,2026-03-24,shipped,South
1431,3079,Devin Johnson,anthonycochran@example.com,Tablet,2,1545.15,2026-01-29,pending,East
1432,5456,William Moreno,terrigarcia@example.net,Keyboard,2,533.27,2026-01-15,pending,West
1433,9368,Joseph Moody,gallagherstacie@example.net,Tablet,1,1004.22,2026-01-08,processing,East
1434,5179,Rebecca Kelly,gregorywatkins@example.net,Laptop,10,1351.5,2026-03-25,pending,South
1435,1042,Suzanne Johnson,stacey92@example.net,Laptop,1,496.66,2025-12-25,delivered,East
1436,3458,Sara Cochran,lweaver@example.com,Phone,1,1110.2,2026-01-26,delivered,South
1437,5067,Anthony Guzman,foxaaron@example.net,Monitor,6,549.8,2026-02-11,pending,East
1438,9225,Carlos Love,brian29@example.net,Laptop,3,454.14,2026-04-04,pending,West
1439,8620,Patricia Mathis,susan56@example.net,Tablet,5,661.33,2026-04-17,delivered,North
1440,4287,Eric Taylor,jessicakim@example.net,Tablet,10,1571.17,2026-01-30,processing,West
1441,9083,Marie Thompson,jeffrey92@example.com,Phone,9,1523.36,2026-01-30,processing,South
1442,7718,Michael Anderson,rushstacy@example.com,Laptop,4,1087.67,2026-05-03,pending,East
1443,7164,Patricia Bradley,carriemccall@example.net,Tablet,2,418.34,2026-05-04,processing,West
1444,1981,Keith Zuniga,markmiller@example.com,Phone,5,195.12,2025-12-30,processing,West
1445,7102,Mrs. Stacey Davis,sean43@example.org,Monitor,2,1165.73,2025-11-06,processing,West
1446,2020,Hayley Buchanan,williamssamuel@example.com,Monitor,3,481.18,2026-04-15,shipped,East
1447,6345,Stacey Snyder,ybell@example.org,Tablet,8,551.19,2026-01-24,pending,South
1448,2785,Rachel Lane,franciscojones@example.org,Phone,2,337.11,2026-03-31,delivered,East
1449,2978,Fernando Lynn,petersonpamela@example.org,Keyboard,6,1929.62,2026-01-20,processing,West
1450,8591,Kimberly Villanueva,morgantricia@example.com,Tablet,2,189.94,2026-02-15,shipped,North
1451,6370,Jessica Valdez,gmoore@example.com,Phone,2,1425.2,2026-03-10,shipped,West
1452,1802,Colton Terry,donna43@example.org,Tablet,5,1641.98,2025-12-24,processing,North
1453,8408,Kenneth Larsen,briansmith@example.org,Keyboard,9,507.21,2026-01-21,pending,North
1454,2989,Matthew Greene,collinclark@example.net,Laptop,1,1662.44,2026-03-30,processing,South
1455,7563,Bradley Anthony,kristen77@example.net,Tablet,2,1168.82,2026-03-15,shipped,North
1456,2056,Martin Hughes,nicole52@example.com,Phone,8,1620.5,2026-04-29,pending,East
1459,5585,Joseph Camacho,parmstrong@example.com,Monitor,3,78.95,2026-02-23,processing,East
1460,7750,James Nash,shawrachel@example.net,Keyboard,8,131.35,2025-12-28,shipped,West
1461,7868,Lisa Martinez,kthompson@example.org,Phone,9,505.8,2026-03-30,,West
1462,8859,Beth Henderson,oharris@example.org,Keyboard,8,694.63,2026-02-02,shipped,West
1463,3946,Deanna Bartlett,millerangela@example.net,Laptop,6,1198.26,2026-02-24,pending,East
1464,8728,Donald Ellis,buchanancindy@example.net,Keyboard,6,1536.02,2026-04-20,processing,South
1465,5060,Ashley Hernandez,buckleyanna@example.org,Phone,5,1072.04,2026-04-09,pending,South
1466,7363,Sharon Beard,pbaker@example.com,Tablet,3,360.44,2025-12-08,shipped,East
1467,1462,Kara Jackson,mthomas@example.net,Tablet,10,1131.58,2025-12-04,processing,West
1468,6063,Amanda Preston,hannah07@example.com,Phone,8,85.55,2025-12-17,pending,South
1469,4584,Alicia Roth,larry71@example.org,Laptop,9,961.2,2025-12-01,shipped,South
1470,6582,William Ramos,joseph69@example.net,Phone,6,128.52,2026-04-01,processing,South
1471,9622,Jeremy Mcintyre,wfigueroa@example.net,Tablet,2,753.45,2026-04-06,delivered,North
1472,5944,Samantha Robertson,cameronmckinney@example.com,Tablet,3,1951.96,2026-02-07,delivered,West
1473,6198,Samuel Suarez,thompsonnancy@example.org,Phone,9,1390.19,2025-11-19,shipped,South
1474,3872,Danielle Bryant,janet45@example.com,Monitor,5,1470.65,2025-11-15,shipped,South
1475,1029,Madison Martinez,allentracy@example.com,Keyboard,7,1703.01,2026-03-20,pending,South
1477,6425,Anthony Nash,mercedesholland@example.net,Laptop,4,700.15,2026-03-29,shipped,South
1478,2453,Matthew Palmer,wellsdavid@example.org,Tablet,8,32.68,2025-11-23,processing,South
1479,2110,Alejandra King,jennifer46@example.com,Tablet,5,1576.17,2025-11-08,pending,North
1480,8179,Judy Robinson,erica96@example.net,Monitor,3,1770.26,2026-01-26,delivered,West
1482,2207,Brian Brown,danielle44@example.net,Laptop,5,49.96,2026-01-09,shipped,North
1484,8909,Rebekah Greene,erin07@example.com,Laptop,7,1885.46,2026-02-07,processing,West
1486,9849,Micheal Parks,qknox@example.com,Tablet,5,601.83,2025-11-07,pending,North
1487,9043,Sarah Pittman,kellyruiz@example.net,Phone,1,728.05,2026-01-24,delivered,North
1488,8869,Robert Hines,staceylam@example.net,Phone,2,61.21,2026-02-18,processing,East
1489,8758,Henry Garner,robert55@example.com,Laptop,5,1571.9,2026-04-14,delivered,West
1490,5341,Julie Wilson,delacruzbrandy@example.net,Laptop,9,781.18,2025-11-16,shipped,West
1491,4056,Steve Mason,amoreno@example.org,Monitor,1,533.96,2026-01-30,delivered,East
1492,5400,Brittany Gay,robert97@example.org,Keyboard,1,310.75,2026-03-08,pending,North
1493,6632,Mike Maxwell,lcook@example.com,Keyboard,7,1941.7,2025-11-14,processing,North
1494,9561,Abigail Hill,barbaramoore@example.org,Monitor,9,1377.27,2026-01-25,delivered,South
1495,5896,Jeffrey Jordan,ysanford@example.org,Laptop,7,1806.53,2026-01-03,pending,South
1496,8357,Curtis Watson,mcclainkatherine@example.net,Phone,3,1944.61,2026-04-04,processing,South
1498,2097,James Chapman,cameronwilliams@example.com,Laptop,7,1117.16,2026-02-12,shipped,East
1499,8506,Joseph Warren,ibarron@example.com,Laptop,10,1179.28,2025-12-22,delivered,North
1500,3451,Katherine Christensen MD,osmith@example.net,Phone,10,1179.99,2026-01-18,pending,North
1501,6539,Shannon Jones,joshuawashington@example.net,Laptop,10,1112.3,2026-04-18,processing,North
1502,9622,Jeremy Mcintyre,wfigueroa@example.net,Tablet,2,753.45,2026-04-06,delivered,North
1503,3579,Jordan Bullock,michael23@example.org,Keyboard,1,1351.2,2026-03-26,shipped,West
1504,5405,Leslie Powers,david41@example.org,Tablet,5,991.32,2026-03-30,pending,South
1505,6912,David Grant,yobrien@example.net,Phone,5,38.16,2026-03-07,processing,East
1506,4945,Patricia Becker,courtneyberger@example.net,Monitor,10,294.8,2025-11-27,delivered,East
1507,3248,Jesse Brown,chase19@example.net,Tablet,5,662.96,2026-03-11,pending,West
1509,9507,Patricia Morrow,martinezlogan@example.org,Tablet,2,1456.89,2026-01-30,pending,West
1510,2330,Ronald Patel,thomas05@example.com,Laptop,10,536.67,2026-04-27,processing,West
